{"options":{"check_for_updates":true,"comment":null,"compat_foreach":false,"compat_metadata":false,"compat_powerful_this":null,"compat_prototypes":false,"compat_wrappedjsobject":false,"compatopts_for_requires":true,"noframes":null,"override":{"merge_connects":true,"merge_excludes":true,"merge_includes":true,"merge_matches":true,"orig_connects":[],"orig_excludes":[],"orig_includes":[],"orig_matches":["*://*.ouo.io/*","*://*.ouo.press/*","*://*.uii.io/*","*://*.passgen.icu/*","*://*.wordcounter.icu/*","*://*.exe.io/*","*://*.exey.io/*","*://*.exey.app/*","*://*.bc.vc/*","*://*.bcvc.live/*","*://*.bcvc.xyz/*","*://*.ouo.today/*","*://*.doaipomer.com/*","*://*.adf.ly/*","*://*.hurirk.net/*","*://*.usfinf.net/*","*://*.xervoo.net/*","*://*.pro/*","*://*.met.bz/*","*://*.shrinkearn.com/*","*://*.tei.ai/*","*://*.makemoneywithurl.com/*","*://*.clk.sh/*","*://*.iir.ai/*","*://*.shrink.pe/*","*://*.aii.sh/*","*://*.shrtfly.com/*","*://*.stfly.me/*","*://*.nbyts.online/*","*://*.shrinkurl.org/*","*://*.shrinkme.io/*","*://*.shrinke.me/*","*://*.smoner.com/*","*://*.shortearn.eu/*","*://*.adfoc.us/*","*://*.fc.lc/*","*://*.fc-lc.com/*","*://*.tr.link/*","*://*.aylink.co/*","*://*.yindex.xyz/*","*://*.gitizle.vip/*","*://*.uzunversiyon.xyz/*","*://*.shtms.co/*","*://*.findi.pro/*","*://*.gitlink.pro/*","*://*.bildirim.eu/*","*://*.bildirim.in/*","*://*.ppcnt.net/*","*://*.pnd.tl/*","*://*.pnd.one/*","*://*.pnd.money/*","*://*.pnd.fyi/*","*://*.pndx.live/*","*://*.shr.cash/*","*://*.acn.vin/*","*://*.pubiza.com/*","*://*.lnk.parts/*","*://*.lnkparts.com/*","*://*.zunsoach.com/*","*://*.urlcik.com/*","*://*.recaptcha.net/recaptcha/*","*://*.google.com/recaptcha/*"],"orig_noframes":null,"orig_run_at":"document-idle","use_blockers":[],"use_connects":[],"use_excludes":[],"use_includes":[],"use_matches":[]},"run_at":null,"tab_types":null,"unwrap":null},"settings":{"enabled":false,"position":5},"meta":{"name":"adLBypasser [v1.6] || Ouo.Io, Uii.Io, Exe.Io, Bc.Vc, Adf.Ly & More ✔ NO ADS","uuid":"0b9dbbc8-4fca-49d7-ae4a-62d1da531660","modified":1652124383803,"file_url":"https://greasyfork.org/scripts/439469-adlbypasser-v1-4-ouo-io-uii-io-exe-io-bc-vc-adf-ly-more-no-ads/code/adLBypasser%20%5Bv14%5D%20%7C%7C%20OuoIo,%20UiiIo,%20ExeIo,%20BcVc,%20AdfLy%20%20More%20%E2%9C%94%20NO%20ADS.user.js"}}