{"options":{"check_for_updates":true,"comment":null,"compat_foreach":false,"compat_metadata":false,"compat_powerful_this":null,"compat_prototypes":false,"compat_wrappedjsobject":false,"compatopts_for_requires":true,"noframes":null,"override":{"merge_connects":true,"merge_excludes":true,"merge_includes":true,"merge_matches":true,"orig_connects":[],"orig_excludes":[],"orig_includes":[],"orig_matches":["https://www.twitch.tv/drops/inventory*"],"orig_noframes":null,"orig_run_at":"document-end","use_blockers":[],"use_connects":[],"use_excludes":[],"use_includes":[],"use_matches":[]},"run_at":null,"tab_types":null},"settings":{"enabled":true,"position":1},"meta":{"name":"Auto Claim Twitch drop","uuid":"d4b1300a-37fe-4b8f-ab74-2bea2442f1fc","modified":1642195547954,"file_url":"https://greasyfork.org/scripts/420346-auto-claim-twitch-drop/code/Auto%20Claim%20Twitch%20drop.user.js"}}