{"options":{"check_for_updates":true,"comment":null,"compat_foreach":false,"compat_metadata":false,"compat_powerful_this":null,"compat_prototypes":false,"compat_wrappedjsobject":false,"compatopts_for_requires":true,"noframes":null,"override":{"merge_connects":true,"merge_excludes":true,"merge_includes":true,"merge_matches":true,"orig_connects":[],"orig_excludes":["/^https:\\/\\/claimclicks\\.com\\/(btc|ltc|doge|trx|faucetlist|ptclist)/","/^https:\\/\\/claimercorner\\.xyz\\/(claimer\\/dashboard|claimer\\/advertise|claimer\\/ptc|claimer\\/deposit|claimer\\/transfer|claimer\\/tasks|claimer\\/offerwall|claimer\\/profile|claimer\\/auto|claimer\\/mining|claimer\\/wheel|claimer\\/login)/","/^https:\\/\\/cryptosats\\.net\\/(cryptosats\\/dashboard|cryptosats\\/advertise|cryptosats\\/ptc|cryptosats\\/deposit|cryptosats\\/transfer|cryptosats\\/tasks|cryptosats\\/offerwall|cryptosats\\/profile|cryptosats\\/auto|cryptosats\\/mining|cryptosats\\/wheel|cryptosats\\/login)/","/^https:\\/\\/easyfaucet\\.fun\\/(dashboard|advertise|ptc|deposit|transfer|tasks|offerwall|profile|auto|mining|dice|lottery|faucet|login)/","*://coinsearns.com/","*://luckydice.net/"],"orig_includes":["/^(https?:\\/\\/)(tmearn|jobklic|additionalgamer|uformations|makemoneywithurl|rifurl|shrinkearn|esenr|adsforfaucets|skip-url|pennbookcenter|publicananker|mikl4forex|michaelemad|miklpro|zirof|forex-golds|nawahi1|mmo1s|mosqam|semawur|forex-trnd|hoshilink|bit-url|cuts-url|coinlyhub|popimed|phoenixshorts|rayusmedya|enburl|madar-24|katflys|shortenbuddy|kiemlua|kekolink|smoner|djbhojpurisongs|coinadfly|shornet|clixshort|earnflies|urlty|sakastau|adsmoker|claimclicks|doctor-groups|earnwithshortlink|bitzite|link1s|diadiemcheckin|tudiendanhngon|chooyomi|staaker|lucidcam|coinsparty|forexlap|forexmab|linkjust|forex-articles|ponselharian|liinkat|thegoneapp|alocd|mobi2c|0x-bit|studyuo|hookeaudio|fc-lc|expertvn|markipli|downphanmem|kingsleynyc|theicongenerator|healthy4pepole|kiktu|wrbloggers|1bitspace|healdad|marharo|ez4mods|try2link|ex-foary|discordserv|softechbharat|adcorto|movie4i|shopdorod|bitcoin-indo|crypto-news-hub|blogginglass|1shorten|amazingdarpon|lensabicara|tieutietkiem|bittalky|urlily|bablyfeed|crypto4tun|coin-free|dash-free|usdshort|coinsurl|cafenau|techacode|ls2earn|sevenjournals|mercedesellington|7misr4day|sama-pro|samaa-pro|imageresizertool|techrfour|ez4short|topnewsnew|gawishpro|ad-mezo|dz4link|skincarie|okrzone|dogemate|coinsearns|informaxonline|gaminplay|proviralhost|guardbolts|short-zero|infinitycoupon|mfk-shorter|donnaleehunt|gamalk-sehetk|adsafelink|cbshort|haymod|ltc-free|nulledsafe|dreamcheeky|cutpaid|fidlarmusic|rodjulian|anhdep24|shortlink.earnmotivation|short.clickscoin|money.alyoumeg|sl.claimfreebits|sl-1.btcbunch|sl-2.btcbunch|sl-3.btcbunch|redlifek|btcwalk|bdtechh|apk.miuiku|apk.sekilastekno|bitefaucet|playgotoken|techrayzer|shorteet|bitlya|ecwizon|oncehelp|yummy-reciepes|loptelink|2shrt|charexempire|faucetpayrotator.blogspot|coindoog|shotzon|novelsapps|webhostingpost|nightfallnews|tirailangit|intercelestial|tribuntekno|vhorizads|bestcash2020|7nything|hoxiin|tradingonline.elwatanelyoum|fooot-map|bellurl|abcshort|checkscoin|llinkon|priefy|dz-linkk|donia-tech|donia2tech|donia2link|short1s|up-urls|shrinkmoney|doodshort|paid4link|d.bawabatak|newlycrypto|kienthucrangmieng)(\\.com)(\\/.*)/","/^(https?:\\/\\/)(.+)?(zolomix|cararegistrasi|5golink|birdurls|urlfiles|snkra|artiskini|sh2rt|byboe|medcpu|nousdecor|restorbio|bdnewsx|upshrink|gifans|jardima|jobswd|dogeearn|gkqnaexam|imperialstudy|ovlinks|imagenesderopaparaperros|w4earn|url2link|yofaurls|shortique|digiromotion|blog-forall|techymedies|gamelopte|adshort-url|cgyojna|riadcrypto|riadblog|askpaccosi|linktrims|gets4link|urlshortify|visflakes)(\\.com)(\\/.*)/","/^(https?:\\/\\/)(sehati|boxlink|zoxlink|moxlink|foxlink|forex-lab|watchdoge|arenaboard|ccsl|xz2|mshort|shrinkpay|adsgo|gainprofit|foofly|adnit|bestshort|shon|crypto-faucet|short-cash2|toptechtalk|foodyrecipe|cutearn|infinityfreescripts|st4ch|wizzly|saqercoin|cryptoon|porofly|morofly|zorofly|worofly|nooz|tooz|mgnet|crypteen|dogeen|coocly|doodly|fauceteen|k-sport|z-sport|n-sport|adcorto|speedynews|tecboy|cutdl|marocclickers|9bitcoin|gameen|fameen|yameen|phoenixs|girlporo|girlmoro|girlzoro|girlworo|cryptocoinearn|shorte|potoly|motoly|kotoly|ashort1a|zololink|blog.crypto-faucet|stores.filmyzilla-in|links.doctorcoin|cbs.trxking||temp-late|template-zone|coinzat|top-blog|kora-yalla|swzz|acortame|bitsyield|nivaprofit|alghtas|wizly|kishoter|horanews|linkfort|a1link|likn|short2fly|java-script|nabits|playstore)(\\.xyz)(\\/.*)/","/^(https?:\\/\\/)(.+)?(insuranceblog|insurance-space|bcdshort|insurglobal|lootlinks|adinsurance|urbharat|claimercorner|egfly|ajifly|urlmoney|dexlink|cekip)(\\.xyz)(\\/.*)/","/^(https?:\\/\\/)(bigb0ss|jiotech|neonlink|techydino|illink|digitalnaz|world-trips|cryptourl|yoshare|forex-gold|allcryptoz|topcryptoz|techtrickonline|uniqueten|7apple|zurls|ovavibe|ccurl|luckydice|link1s|bitcomarket|url.namaidani|crewbase|crewus|shinchu|shinbhu|thumb8|thumb9|karimunbits|linkrex)(\\.net)(\\/.*)/","/^(https?:\\/\\/)(.+)?(100count|fire-link|owllink|mozlink|ultraten|cryptosats|rocklinks)(\\.net)(\\/.*)/","/^(https?:\\/\\/)(tnlink|jrlinks|shortzzy|coincity|techmart4u|linkres|9bitco|qualitystudymaterial|adoco|cuturl|missionhight|wpking|foodma|zagl|ls2earn|streamshort|cslink|coinbaze|blog.earn4fun|blog.earn2fly|shareus|referus|megafly|megaurl|csd.xmod|cutp|sureshjonna|earnmoj|riadshot|urlmoney)(\\.in)(\\/.*)/","/^(https?:\\/\\/)(.+)?(cashurl|linkad|bitcoinly|crazyblog|zolomix|technologylover|earnfort|spidermods|expertlinks|linksfire)(\\.in)(\\/.*)?/","/^(https?:\\/\\/)(aylink|linkszia|claimsatoshi|mynewsmedia|bitshort|gtlink|earnload|adfloz|linksly|droplink|123link|go.leolink|techload|linksfy)(\\.co)(\\/.*)/","/^(https?:\\/\\/)(.+)?(takez|linksfire)(\\.co)(\\/.*)/","/^(https?:\\/\\/)(ctbl|skyurl|girls-like|adsoro|gobits|zoss|shrinke|tlin|health-and|short.croclix|stfly|adbull|cutx|clicksfly|youshort)(\\.me)(\\/.*)/","/^(https?:\\/\\/)(.+)?(theconomy|adcorto|adsurfing|richlink)(\\.me)(\\/.*)/","/^(https?:\\/\\/)(sitr|palpodcast|safelink|zipcrypto|cutgo|cutbits|shorthero|flylink|earncoin|downfile|savelink)(\\.site)(\\/.*)/","/^(https?:\\/\\/)(.+)?(bshopme|cekip|kolotoken)(\\.site)(\\/.*)/","/^(https?:\\/\\/)(earnme|sanoybonito|forexat|automotur|1ist|kooza|atlai|claimbitco|1link|zentum)(\\.club)(\\/.*)/","/^(https?:\\/\\/)(.+)?(mcrypto|usanewstoday)(\\.club)(\\/.*)/","/^(https?:\\/\\/)(technicalramno1|paid4|vshort|freedoge|yousm|shortzzy|coinpayz|tr|zipfy|yocto|clk.dti|besturl)(\\.link)(\\/.*)/","/^(https?:\\/\\/)(shurt|shortit|adsy|bitlinks|clik)(\\.pw)(\\/.*)/","/^(https?:\\/\\/)(.+)?(adsee|prz)(\\.pw)(\\/.*)/","/^(https?:\\/\\/)(crypto-adria|bloogerspoot)(\\.ga)(\\/.*)/","/^(https?:\\/\\/)(url.faucet77|bloogerspoot|ashort2a-bro)(\\.tk)(\\/.*)/","/^(https?:\\/\\/)(linkstom|techycontent|techfort|bloogerspoot|urlchanger)(\\.ml)(\\/.*)/","/^(https?:\\/\\/)(onimports|link.encurtaon)(\\.com\\.br)(\\/.*)/","/^(https?:\\/\\/)(didhafairus|mycut|exee|onlineteori|go.safeadlink|sealink)(\\.my\\.id)(\\/.*)/","/^(https?:\\/\\/)(coinshub|myhealths|kiiw|passgen|wordcounter|shrink)(\\.icu)(\\/.*)/","/^(https?:\\/\\/)(luckybits|newforex|uebnews|wplink|nbyts|wealthystyle|ls2earn|happy-living|earn-cash|yourtechnology|bell.healthyguy)(\\.online)(\\/.*)/","/^(https?:\\/\\/)(.+)?(adslinkfly)(\\.online)(\\/.*)/","/^(https?:\\/\\/)(exey|ezlinks|techmody|ouo|ex-e|upfiles|short.goldenfaucet|saly)(\\.io)(\\/.*)/","/^(https?:\\/\\/)(.+)?(linkfly)(\\.io)(\\/.*)/","/^(https?:\\/\\/)(zshort|earnfree|claimcrypto|cashearn|1ink|linkpay)(\\.cc)(\\/.*)/","/^(https?:\\/\\/)(.+)?(rota|netfile)(\\.cc)(\\/.*)/","/^(https?:\\/\\/)(.+)?(fullreviews|freebcc)(\\.org)(\\/.*)/","/^(https?:\\/\\/)(cryptoad|urlpay)(\\.org)(\\/.*)/","/^(https?:\\/\\/)(linkmit|zcpa|jameeltips|mitly)(\\.us)(\\/.*)/","/^(https?:\\/\\/)(.+)?(yalla-shoot-now|forexeen)(\\.us)(\\/.*)/","/^(https?:\\/\\/)(linksos|mixespecialidades|noweconomy|deportealdia|adshort|ay)(\\.live)(\\/.*)/","/^(https?:\\/\\/)(earnads|genpassword|shrlink|coxsbd96)(\\.top)(\\/.*)/","/^(https?:\\/\\/)(profitlink|zagl|scratch247|siyn|portablesusb|children-learningreading|azmath|machicon-akihabara|cooklike)(\\.info)(\\/.*)/","/^(https?:\\/\\/)(hcsbtc|alertcrypto|aboutprofit)(\\.eu)(\\/.*)/","/^(https?:\\/\\/)(freebitcoin|freelitecoin)(\\.vip)(\\/.*)/","/^(https?:\\/\\/)(iir|tei)(\\.ai)(\\/.*)/","/^(https?:\\/\\/)(aii|clk)(\\.sh)(\\/.*)/","/^(https?:\\/\\/)(nukl|clk)(\\.ink)(\\/.*)/","/^(https?:\\/\\/)(kiw|redir.123file)(\\.li)(\\/.*)/","/^(https?:\\/\\/)(azsoft|tronex)(\\.biz)(\\/.*)/","/^(https?:\\/\\/)(.+)?(cryptolatest|app.trangchu)(\\.news)(\\/.*)/","/^(https?:\\/\\/)(cryptoads|adshort|1bit|paylinks)(\\.space)(\\/.*)/","/^(https?:\\/\\/)(.+)?(cryptolink|adz7short)(\\.space)(\\/.*)/","/^(https?:\\/\\/)(makeeasybtc|petslots|softindex|short.toptap)(\\.website)(\\/.*)/","/^(https?:\\/\\/)(dogecoin|icut)(\\.click)(\\/.*)/","/^(https?:\\/\\/)(.+)?(shortlinks)(\\.click)(\\/.*)/","/^(https?:\\/\\/)(.+)?(hamody)(\\.pro)(\\/.*)/","/^(https?:\\/\\/)(up-load|t2l)(\\.one)(\\/.*)/","/^(https?:\\/\\/)(easyfaucet|sh.feyorra|fey.feyorra|go.lokak|earnbitcoin)(\\.fun)(\\/.*)/","/^(https?:\\/\\/)(doge-mining|gamefaucet|doge-mining|linkati)(\\.win)(\\/.*)/","/^(https?:\\/\\/)(url\\.)?(acefaucet|namaidani|magmint)(\\.com)(\\/.*)/","/^(https?:\\/\\/)(link\\.)?(encyclopedia-24|tokenoto)(\\.com)(\\/.*)/","/^(https?:\\/\\/)(cool-time|movies|anime|tech)(\\.dutchycorp\\.space)(\\/.*)/","/^https:\\/\\/clickscoin\\.com\\/(shortccsl|short)/","/^https:\\/\\/dogeclick\\.net\\/(ccsl|short)/","/^https:\\/\\/cryptofans\\.club\\/(short|next|other|step)/","*://dutchycorp.space/s*/*","*://dutchycorp.ovh/s*/*","*://*/recaptcha/*","*://coin.mg/*","*://shorts.lu/*","*://tny.so/*","*://ouo.press/*","*://ouo.today/*","*://za.uy/*","*://za.gl/*","*://2ad.ir/*","*://prx.ee/*","*://goads.ly/*","*://kimo.ma/*","*://c2g.at/*","*://fcc.lc/*","*://clk.asia/*","*://mdn.rest/*","*://mdn.world/*","*://median.uno/*","*://romania.bz/*","*://pingit.im/*","*://carapedi.id/*","*://ashorturl.uk/*","*://bildirim.eu/ph/*","*://nex-url.cyou/*","*://th3dz.com/sl/*","*://arbweb.info/sl/*","*://cryptofuns.ru/*","*://phongcachsao.vn/*","*://faucethub.ly/sh/*","*://nail.edu.pl/*","*://*.techgeek.digital/*","*://supersites.xyz/verifysl*","*://app.handydecor.com.vn/*","*://sohexo.org/kisalink/*","*://toptap.website/short/*","*://*.reddcoineveryday.com/short/*","*://*.adcortoltda.agency/*","*://hitbits.io/slk/*","*://getitall.top/f/*","*://pentafaucet.com/f/*","*://starfaucet.net/sl/*","*://android-mody.store/*","*://adcrypto.co/claim/*","*://faucet.gold/BTC/?step*","*://faucet.gold/ETH/?step*","*://11bit.co.in/bitshort/*","*://*.softairbay.com/shortSAB/*","*://faucetcrypto.com/claim/step/*","*://konstantinova.net/verify/*","*://cryptonetos.ru/page/redirect*","*://speedsatoshi.com/lootlinks/*","*://wp.womenhaircolors.review/*","*://cryptotyphoon.com/short/*"],"orig_matches":["*://*/recaptcha/*"],"orig_noframes":null,"orig_run_at":"document-end","use_blockers":[],"use_connects":[],"use_excludes":[],"use_includes":[],"use_matches":[]},"run_at":null,"tab_types":null,"unwrap":null},"settings":{"enabled":false,"position":4},"meta":{"name":"Bypass All Shortlinks","uuid":"dfc43587-338a-44a3-893f-2b3f828be188","modified":1649528672075,"file_url":"https://greasyfork.org/scripts/431691-bypass-all-shortlinks/code/Bypass%20All%20Shortlinks.user.js"}}