{"options":{"check_for_updates":true,"comment":null,"compat_foreach":false,"compat_metadata":false,"compat_powerful_this":null,"compat_prototypes":false,"compat_wrappedjsobject":false,"compatopts_for_requires":true,"noframes":null,"override":{"merge_connects":true,"merge_excludes":true,"merge_includes":true,"merge_matches":true,"orig_connects":["www.imageidentify.com","https://cdnjs.cloudflare.com","https://cdn.jsdelivr.net","https://unpkg.com","https://*.hcaptcha.com/*"],"orig_excludes":[],"orig_includes":[],"orig_matches":["https://*.hcaptcha.com/*hcaptcha-challenge*","https://*.hcaptcha.com/*checkbox*"],"orig_noframes":null,"orig_run_at":"document-start","use_blockers":[],"use_connects":[],"use_excludes":[],"use_includes":[],"use_matches":[]},"run_at":null,"tab_types":null,"unwrap":null},"settings":{"enabled":true,"position":6},"meta":{"name":"Hcaptcha Solver with Browser Trainer(Automatically solves Hcaptcha in browser)","uuid":"5598a4e7-f17a-47c1-ab49-ea11c093d66c","modified":1650498081726,"file_url":"https://greasyfork.org/scripts/425854-hcaptcha-solver-with-browser-trainer-automatically-solves-hcaptcha-in-browser/code/Hcaptcha%20Solver%20with%20Browser%20Trainer(Automatically%20solves%20Hcaptcha%20in%20browser).user.js"}}